Product_ID,Product_Name,Gender,Category,Subcategory,Color,Price,Season
474410,Mini T-Shirt,Female,Tops,T-Shirts,00 WHITE,$14.90,Spring/Summer
474410,Mini T-Shirt,Female,Tops,T-Shirts,09 BLACK,$14.90,Spring/Summer
474410,Mini T-Shirt,Female,Tops,T-Shirts,03 GRAY,$14.90,Spring/Summer
474410,Mini T-Shirt,Female,Tops,T-Shirts,11 PINK,$14.90,Spring/Summer
474410,Mini T-Shirt,Female,Tops,T-Shirts,31 BEIGE,$14.90,Spring/Summer
474410,Mini T-Shirt,Female,Tops,T-Shirts,56 OLIVE,$14.90,Spring/Summer
474410,Mini T-Shirt,Female,Tops,T-Shirts,69 NAVY,$14.90,Spring/Summer
474410,Mini T-Shirt,Female,Tops,T-Shirts,76 PURPLE,$14.90,Spring/Summer
476068,Mini Polo ,Female,Tops,T-Shirts,00 WHITE,$19.90,Spring/Summer
476068,Mini Polo ,Female,Tops,T-Shirts,09 BLACK,$19.90,Spring/Summer
476068,Mini Polo ,Female,Tops,T-Shirts,36 BROWN,$19.90,Spring/Summer
476068,Mini Polo ,Female,Tops,T-Shirts,61 BLUE,$19.90,Spring/Summer
479693,HEATTECH Ultra Warm T-Shirt High Neck,Female,Tops,T-Shirts,00 WHITE,$19.90,Fall/Winter
479693,HEATTECH Ultra Warm T-Shirt High Neck,Female,Tops,T-Shirts,09 BLACK,$19.90,Fall/Winter
479693,HEATTECH Stretch Fleece Half-Zip T-Shirt,Female,Tops,T-Shirts,01 OFF WHITE,$39.90,Fall/Winter
479693,HEATTECH Stretch Fleece Half-Zip T-Shirt,Female,Tops,T-Shirts,09 BLACK,$39.90,Fall/Winter
479693,HEATTECH Stretch Fleece Half-Zip T-Shirt,Female,Tops,T-Shirts,08 DARK GRAY,$39.90,Fall/Winter
479693,HEATTECH Stretch Fleece Half-Zip T-Shirt,Female,Tops,T-Shirts,39 DARK BROWN,$39.90,Fall/Winter
479693,HEATTECH Stretch Fleece Half-Zip T-Shirt,Female,Tops,T-Shirts,68 BLUE,$39.90,Fall/Winter
479693,HEATTECH Stretch Fleece Half-Zip T-Shirt,Female,Tops,T-Shirts,71 PURPLE,$39.90,Fall/Winter
479608,HEATTECH Fleece Turtleneck T-Shirt,Female,Tops,T-Shirts,01 OFF WHITE,$29.90,Fall/Winter
479608,HEATTECH Fleece Turtleneck T-Shirt,Female,Tops,T-Shirts,09 BLACK,$29.90,Fall/Winter
479608,HEATTECH Fleece Turtleneck T-Shirt,Female,Tops,T-Shirts,07 GRAY,$29.90,Fall/Winter
479608,HEATTECH Fleece Turtleneck T-Shirt,Female,Tops,T-Shirts,32 BEIGE,$29.90,Fall/Winter
479608,HEATTECH Fleece Turtleneck T-Shirt,Female,Tops,T-Shirts,60 LIGHT BLUE,$29.90,Fall/Winter
479608,HEATTECH Fleece Turtleneck T-Shirt,Female,Tops,T-Shirts,69 NAVY,$29.90,Fall/Winter
479608,HEATTECH Fleece Turtleneck T-Shirt,Female,Tops,T-Shirts,76 PURPLE,$29.90,Fall/Winter
474404,Crew Neck T-Shirt,Female,Tops,T-Shirts,00 WHITE,$9.90,Spring/Summer
474404,Crew Neck T-Shirt,Female,Tops,T-Shirts,09 BLACK,$9.90,Spring/Summer
474404,Crew Neck T-Shirt,Female,Tops,T-Shirts,08 DARK GRAY,$9.90,Spring/Summer
474404,Crew Neck T-Shirt,Female,Tops,T-Shirts,11 PINK,$9.90,Spring/Summer
474404,Crew Neck T-Shirt,Female,Tops,T-Shirts,30 NATURAL,$9.90,Spring/Summer
474404,Crew Neck T-Shirt,Female,Tops,T-Shirts,39 DARK BROWN,$9.90,Spring/Summer
474404,Crew Neck T-Shirt,Female,Tops,T-Shirts,58 DARK GREEN,$9.90,Spring/Summer
474404,Crew Neck T-Shirt,Female,Tops,T-Shirts,75 PURPLE,$9.90,Spring/Summer
470143,Soft Knitted Fleece T-Shirt | Long Sleeve,Female,Tops,T-Shirts,01 OFF WHITE,$24.90,Fall/Winter
470143,Soft Knitted Fleece T-Shirt | Long Sleeve,Female,Tops,T-Shirts,09 BLACK,$24.90,Fall/Winter
470143,Soft Knitted Fleece T-Shirt | Long Sleeve,Female,Tops,T-Shirts,03 GRAY,$24.90,Fall/Winter
470143,Soft Knitted Fleece T-Shirt | Long Sleeve,Female,Tops,T-Shirts,10 PINK,$24.90,Fall/Winter
470143,Soft Knitted Fleece T-Shirt | Long Sleeve,Female,Tops,T-Shirts,32 BEIGE,$24.90,Fall/Winter
470143,Soft Knitted Fleece T-Shirt | Long Sleeve,Female,Tops,T-Shirts,56 OLIVE,$24.90,Fall/Winter
470143,Soft Knitted Fleece T-Shirt | Long Sleeve,Female,Tops,T-Shirts,67 BLUE,$24.90,Fall/Winter
476069,Mini Camisole,Female,Tops,Tank Top,00 WHITE,$14.90,Spring/Summer
476069,Mini Camisole,Female,Tops,Tank Top,09 BLACK,$14.90,Spring/Summer
476069,Mini Camisole,Female,Tops,Tank Top,57 OLIVE,$14.90,Spring/Summer
476069,Mini Camisole,Female,Tops,Tank Top,64 BLUE,$14.90,Spring/Summer
474473,Soft Ribbed Tank Top,Female,Tops,Tank Top,00 WHITE,$14.90,Spring/Summer
474473,Soft Ribbed Tank Top,Female,Tops,Tank Top,09 BLACK,$14.90,Spring/Summer
474473,Soft Ribbed Tank Top,Female,Tops,Tank Top,02 LIGHT GRAY,$14.90,Spring/Summer
474473,Soft Ribbed Tank Top,Female,Tops,Tank Top,56 OLIVE,$14.90,Spring/Summer
474473,Soft Ribbed Tank Top,Female,Tops,Tank Top,67 BLUE,$14.90,Spring/Summer
473980,AIRism Bra Top,Female,Tops,Tank Top,00 WHITE,$29.90,Spring/Summer
473980,AIRism Bra Top,Female,Tops,Tank Top,09 BLACK,$29.90,Spring/Summer
473980,AIRism Bra Top,Female,Tops,Tank Top,02 LIGHT GRAY,$29.90,Spring/Summer
473980,AIRism Bra Top,Female,Tops,Tank Top,35 BROWN,$29.90,Spring/Summer
473980,AIRism Bra Top,Female,Tops,Tank Top,61 BLUE,$29.90,Spring/Summer
477739,Open Back Halter Bra Top,Female,Tops,Tank Top,01 OFF WHITE,$29.90,Spring/Summer
477739,Open Back Halter Bra Top,Female,Tops,Tank Top,09 BLACK,$29.90,Spring/Summer
477739,Open Back Halter Bra Top,Female,Tops,Tank Top,24 ORANGE,$29.90,Spring/Summer
477739,Open Back Halter Bra Top,Female,Tops,Tank Top,54 GREEN,$29.90,Spring/Summer
475355,AIRism Cotton Oversized T-Shirt | Half-Sleeve,Unisex,Tops,T-Shirts,00 WHITE,$19.90,Spring/Summer
475355,AIRism Cotton Oversized T-Shirt | Half-Sleeve,Unisex,Tops,T-Shirts,09 BLACK,$19.90,Spring/Summer
475355,AIRism Cotton Oversized T-Shirt | Half-Sleeve,Unisex,Tops,T-Shirts,02 LIGHT GRAY,$19.90,Spring/Summer
475355,AIRism Cotton Oversized T-Shirt | Half-Sleeve,Unisex,Tops,T-Shirts,07 GRAY,$19.90,Spring/Summer
475355,AIRism Cotton Oversized T-Shirt | Half-Sleeve,Unisex,Tops,T-Shirts,12 PINK,$19.90,Spring/Summer
475355,AIRism Cotton Oversized T-Shirt | Half-Sleeve,Unisex,Tops,T-Shirts,15 RED,$19.90,Spring/Summer
475355,AIRism Cotton Oversized T-Shirt | Half-Sleeve,Unisex,Tops,T-Shirts,19 WINE,$19.90,Spring/Summer
475355,AIRism Cotton Oversized T-Shirt | Half-Sleeve,Unisex,Tops,T-Shirts,34 BROWN,$19.90,Spring/Summer
475355,AIRism Cotton Oversized T-Shirt | Half-Sleeve,Unisex,Tops,T-Shirts,41 YELLOW,$19.90,Spring/Summer
475355,AIRism Cotton Oversized T-Shirt | Half-Sleeve,Unisex,Tops,T-Shirts,53 GREEN,$19.90,Spring/Summer
475355,AIRism Cotton Oversized T-Shirt | Half-Sleeve,Unisex,Tops,T-Shirts,57 OLIVE,$19.90,Spring/Summer
475355,AIRism Cotton Oversized T-Shirt | Half-Sleeve,Unisex,Tops,T-Shirts,64 BLUE,$19.90,Spring/Summer
475355,AIRism Cotton Oversized T-Shirt | Half-Sleeve,Unisex,Tops,T-Shirts,66 BLUE,$19.90,Spring/Summer
475355,AIRism Cotton Oversized T-Shirt | Half-Sleeve,Unisex,Tops,T-Shirts,67 BLUE,$19.90,Spring/Summer
475363,AIRism Cotton T-Shirt | Sleeveless,Male,Tops,T-Shirts,00 WHITE,$19.90,Spring/Summer
475363,AIRism Cotton T-Shirt | Sleeveless,Male,Tops,T-Shirts,09 BLACK,$19.90,Spring/Summer
475363,AIRism Cotton T-Shirt | Sleeveless,Male,Tops,T-Shirts,07 GRAY,$19.90,Spring/Summer
475363,AIRism Cotton T-Shirt | Sleeveless,Male,Tops,T-Shirts,54 GREEN,$19.90,Spring/Summer
475363,AIRism Cotton T-Shirt | Sleeveless,Male,Tops,T-Shirts,60 LIGHT BLUE,$19.90,Spring/Summer
475363,AIRism Cotton T-Shirt | Sleeveless,Male,Tops,T-Shirts,68 BLUE,$19.90,Spring/Summer
474244,AIRism Cotton T-Shirt,Male,Tops,T-Shirts,00 WHITE,$14.90,Spring/Summer
474244,AIRism Cotton T-Shirt,Male,Tops,T-Shirts,09 BLACK,$14.90,Spring/Summer
474244,AIRism Cotton T-Shirt,Male,Tops,T-Shirts,07 GRAY,$14.90,Spring/Summer
474244,AIRism Cotton T-Shirt,Male,Tops,T-Shirts,57 OLIVE,$14.90,Spring/Summer
474244,AIRism Cotton T-Shirt,Male,Tops,T-Shirts,69 NAVY,$14.90,Spring/Summer
475359,DRY Color Ribbed Tank Top,Male,Tops,Tank Top,00 WHITE,$7.90,Spring/Summer
475359,DRY Color Ribbed Tank Top,Male,Tops,Tank Top,09 BLACK,$7.90,Spring/Summer
475359,DRY Color Ribbed Tank Top,Male,Tops,Tank Top,69 NAVY,$7.90,Spring/Summer
475359,DRY Color Ribbed Tank Top,Male,Tops,Tank Top,08 DARK GRAY,$7.90,Spring/Summer
475359,DRY Color Ribbed Tank Top,Male,Tops,Tank Top,03 GRAY,$7.90,Spring/Summer
475359,DRY Color Ribbed Tank Top,Male,Tops,Tank Top,57 OLIVE,$7.90,Spring/Summer
475361,DRY Waffle Henley T-Shirt,Male,Tops,T-Shirts,00 WHITE,$19.90,Spring/Summer
475361,DRY Waffle Henley T-Shirt,Male,Tops,T-Shirts,09 BLACK,$19.90,Spring/Summer
475361,DRY Waffle Henley T-Shirt,Male,Tops,T-Shirts,08 DARK GRAY,$19.90,Spring/Summer
475361,DRY Waffle Henley T-Shirt,Male,Tops,T-Shirts,57 OLIVE,$19.90,Spring/Summer
481177,Waffle T-Shirt | Long Sleeve,Male,Tops,T-Shirts,01 OFF WHITE,$29.90,Fall/Winter
481177,Waffle T-Shirt | Long Sleeve,Male,Tops,T-Shirts,09 BLACK,$29.90,Fall/Winter
481177,Waffle T-Shirt | Long Sleeve,Male,Tops,T-Shirts,65 BLUE,$29.90,Fall/Winter
481177,Waffle T-Shirt | Long Sleeve,Male,Tops,T-Shirts,08 GRAY,$29.90,Fall/Winter
481177,Waffle T-Shirt | Long Sleeve,Male,Tops,T-Shirts,32 BEIGE,$29.90,Fall/Winter
479791,Soft Knitted Fleece T-Shirt ,Male,Tops,T-Shirts,01 OFF WHITE,$29.90,Fall/Winter
479791,Soft Knitted Fleece T-Shirt ,Male,Tops,T-Shirts,09 BLACK,$29.90,Fall/Winter
479791,Soft Knitted Fleece T-Shirt ,Male,Tops,T-Shirts,03 GRAY,$29.90,Fall/Winter
479791,Soft Knitted Fleece T-Shirt ,Male,Tops,T-Shirts,18 WINE,$29.90,Fall/Winter
479791,Soft Knitted Fleece T-Shirt ,Male,Tops,T-Shirts,32 BEIGE,$29.90,Fall/Winter
479791,Soft Knitted Fleece T-Shirt ,Male,Tops,T-Shirts,37 BROWN,$29.90,Fall/Winter
479791,Soft Knitted Fleece T-Shirt ,Male,Tops,T-Shirts,58 DARK GREEN,$29.90,Fall/Winter
479791,Soft Knitted Fleece T-Shirt ,Male,Tops,T-Shirts,66 BLUE,$29.90,Fall/Winter
479602,Cropped Sweatshirt,Female,Tops,Sweater,01 OFF WHITE,$39.90,Fall/Winter
479602,Cropped Sweatshirt,Female,Tops,Sweater,09 BLACK,$39.90,Fall/Winter
479602,Cropped Sweatshirt,Female,Tops,Sweater,03 GRAY,$39.90,Fall/Winter
479602,Cropped Sweatshirt,Female,Tops,Sweater,39 DARK BROWN,$39.90,Fall/Winter
479602,Cropped Sweatshirt,Female,Tops,Sweater,55 GREEN,$39.90,Fall/Winter
479603,DRY Sweat Full-Zip Hoodie,Female,Outerwear,Jacket,09 BLACK,$49.90,Fall/Winter
479603,DRY Sweat Full-Zip Hoodie,Female,Outerwear,Jacket,30 NATURAL,$49.90,Fall/Winter
479603,DRY Sweat Full-Zip Hoodie,Female,Outerwear,Jacket,36 BROWN,$49.90,Fall/Winter
479603,DRY Sweat Full-Zip Hoodie,Female,Outerwear,Jacket,69 NAVY,$49.90,Fall/Winter
476113,ALRism UV Protection Full-Zip Hoodie,Female,Outerwear,Jacket,61 BLUE,$39.90,Spring/Summer
476113,ALRism UV Protection Full-Zip Hoodie,Female,Outerwear,Jacket,09 BLACK,$39.90,Spring/Summer
476113,ALRism UV Protection Full-Zip Hoodie,Female,Outerwear,Jacket,00 WHITE,$39.90,Spring/Summer
476113,ALRism UV Protection Full-Zip Hoodie,Female,Outerwear,Jacket,10 PINK,$39.90,Spring/Summer
476113,ALRism UV Protection Full-Zip Hoodie,Female,Outerwear,Jacket,59 DARK GREEN,$39.90,Spring/Summer
478871,Washable Knit Cable Hoodie,Female,Tops,Hoodie,33 KHAKI,$49.90,Fall/Winter
478871,Washable Knit Cable Hoodie,Female,Tops,Hoodie,01 OFF WHITE,$49.90,Fall/Winter
478871,Washable Knit Cable Hoodie,Female,Tops,Hoodie,06 GRAY,$49.90,Fall/Winter
478871,Washable Knit Cable Hoodie,Female,Tops,Hoodie,68 BLUE,$49.90,Fall/Winter
479697,Windproof Fleece Reversible Full-Zip Hoodie,Female,Outerwear,Jacket,09 BLACK,$59.90,Spring/Summer
479697,Windproof Fleece Reversible Full-Zip Hoodie,Female,Outerwear,Jacket,30 NATURAL,$59.90,Spring/Summer
479697,Windproof Fleece Reversible Full-Zip Hoodie,Female,Outerwear,Jacket,59 DARK GREEN,$59.90,Spring/Summer
479697,Windproof Fleece Reversible Full-Zip Hoodie,Female,Outerwear,Jacket,71 PURPLE,$59.90,Spring/Summer
470137,Fluffy Yarn Fleece Full-Zip Jacket,Female,Outerwear,Jacket,30 NATURAL,$39.90,Fall/Winter
470137,Fluffy Yarn Fleece Full-Zip Jacket,Female,Outerwear,Jacket,09 BLACK,$39.90,Fall/Winter
470137,Fluffy Yarn Fleece Full-Zip Jacket,Female,Outerwear,Jacket,01 OFF WHITE,$39.90,Fall/Winter
470137,Fluffy Yarn Fleece Full-Zip Jacket,Female,Outerwear,Jacket,36 BROWN,$39.90,Fall/Winter
470137,Fluffy Yarn Fleece Full-Zip Jacket,Female,Outerwear,Jacket,69 NAVY,$39.90,Fall/Winter
479799,Half-Zip Sweatshirt,Male,Tops,Sweater,05 GRAY,$49.90,Fall/Winter
479799,Half-Zip Sweatshirt,Male,Tops,Sweater,09 BLACK,$49.90,Fall/Winter
479799,Half-Zip Sweatshirt,Male,Tops,Sweater,01 OFF WHITE,$49.90,Fall/Winter
479799,Half-Zip Sweatshirt,Male,Tops,Sweater,38 DARK BROWN,$49.90,Fall/Winter
479799,Half-Zip Sweatshirt,Male,Tops,Sweater,69 NAVY,$49.90,Fall/Winter
475387,DRY-EX UV Protection Full-Zip Hoodie,Male,Outerwear,Jacket,66 BLUE,$39.90,Spring/Summer
475387,DRY-EX UV Protection Full-Zip Hoodie,Male,Outerwear,Jacket,09 BLACK,$39.90,Spring/Summer
475387,DRY-EX UV Protection Full-Zip Hoodie,Male,Outerwear,Jacket,08 DARK GRAY,$39.90,Spring/Summer
475387,DRY-EX UV Protection Full-Zip Hoodie,Male,Outerwear,Jacket,01 OFF WHITE,$39.90,Spring/Summer
479800,Sweat Full-Zip Hoodie,Unisex,Outerwear,Jacket,03 GRAY,$49.90,Fall/Winter
479800,Sweat Full-Zip Hoodie,Unisex,Outerwear,Jacket,05 GRAY,$49.90,Fall/Winter
479800,Sweat Full-Zip Hoodie,Unisex,Outerwear,Jacket,09 BLACK,$49.90,Fall/Winter
479800,Sweat Full-Zip Hoodie,Unisex,Outerwear,Jacket,08 GRAY,$49.90,Fall/Winter
479800,Sweat Full-Zip Hoodie,Unisex,Outerwear,Jacket,12 PINK,$49.90,Fall/Winter
479800,Sweat Full-Zip Hoodie,Unisex,Outerwear,Jacket,53 GREEN,$49.90,Fall/Winter
479800,Sweat Full-Zip Hoodie,Unisex,Outerwear,Jacket,54 GREEN,$49.90,Fall/Winter
479800,Sweat Full-Zip Hoodie,Unisex,Outerwear,Jacket,62 BLUE,$49.90,Fall/Winter
479800,Sweat Full-Zip Hoodie,Unisex,Outerwear,Jacket,67 BLUE,$49.90,Fall/Winter
479798,Sweat Pullover Hoodie,Unisex,Tops,Hoodie,68 BLUE,$49.90,Fall/Winter
479798,Sweat Pullover Hoodie,Unisex,Tops,Hoodie,54 GREEN,$49.90,Fall/Winter
479798,Sweat Pullover Hoodie,Unisex,Tops,Hoodie,31 BEIGE,$49.90,Fall/Winter
479798,Sweat Pullover Hoodie,Unisex,Tops,Hoodie,16 RED,$49.90,Fall/Winter
479798,Sweat Pullover Hoodie,Unisex,Tops,Hoodie,09 BLACK,$49.90,Fall/Winter
479798,Sweat Pullover Hoodie,Unisex,Tops,Hoodie,08 DARK GRAY,$49.90,Fall/Winter
479798,Sweat Pullover Hoodie,Unisex,Tops,Hoodie,05 GRAY,$49.90,Fall/Winter
479853,Sweat Oversized Pullover Hoodie,Unisex,Tops,Hoodie,05 GRAY,$49.90,Fall/Winter
479853,Sweat Oversized Pullover Hoodie,Unisex,Tops,Hoodie,09 BLACK,$49.90,Fall/Winter
479853,Sweat Oversized Pullover Hoodie,Unisex,Tops,Hoodie,03 GRAY,$49.90,Fall/Winter
479853,Sweat Oversized Pullover Hoodie,Unisex,Tops,Hoodie,58 DARK GREEN,$49.90,Fall/Winter
479853,Sweat Oversized Pullover Hoodie,Unisex,Tops,Hoodie,69 NAVY,$49.90,Fall/Winter
479792,Fleece Full-Zip Jacket,Unisex,Outerwear,Jacket,09 BLACK,$39.90,Fall/Winter
479792,Fleece Full-Zip Jacket,Unisex,Outerwear,Jacket,64 BLUE,$39.90,Fall/Winter
479792,Fleece Full-Zip Jacket,Unisex,Outerwear,Jacket,19 WINE,$39.90,Fall/Winter
479792,Fleece Full-Zip Jacket,Unisex,Outerwear,Jacket,30 NATURAL,$39.90,Fall/Winter
479792,Fleece Full-Zip Jacket,Unisex,Outerwear,Jacket,34 BROWN,$39.90,Fall/Winter
479792,Fleece Full-Zip Jacket,Unisex,Outerwear,Jacket,55 GREEN,$39.90,Fall/Winter
479792,Fleece Full-Zip Jacket,Unisex,Outerwear,Jacket,56 OLIVE,$39.90,Fall/Winter
479792,Fleece Full-Zip Jacket,Unisex,Outerwear,Jacket,64 BLUE,$39.90,Fall/Winter
479792,Fleece Full-Zip Jacket,Unisex,Outerwear,Jacket,69 NAVY,$39.90,Fall/Winter
479792,Fleece Full-Zip Jacket,Unisex,Outerwear,Jacket,73 PURPLE,$39.90,Fall/Winter
479792,Fleece Full-Zip Jacket,Unisex,Outerwear,Jacket,79 DARK PURPLE,$39.90,Fall/Winter
479000,Barrel Jeans,Female,Bottoms,Jeans,67 BLUE,$49.90,Spring/Summer
479000,Barrel Jeans,Female,Bottoms,Jeans,08 DARK GRAY ,$49.90,Spring/Summer
479000,Barrel Jeans,Female,Bottoms,Jeans,62 BLUE,$49.90,Spring/Summer
479000,Barrel Jeans,Female,Bottoms,Jeans,69 NAVY,$49.90,Spring/Summer
479004,Straight Jeans,Female,Bottoms,Jeans,65 BLUE,$39.90,Fall/Winter
479004,Straight Jeans,Female,Bottoms,Jeans,69 NAVY,$39.90,Fall/Winter
479004,Straight Jeans,Female,Bottoms,Jeans,63 BLUE,$39.90,Fall/Winter
476946,"Denim Half Shorts | 10""",Female,Bottoms,Shorts,31 BEIGE,$19.90,Spring/Summer
476946,"Denim Half Shorts | 10""",Female,Bottoms,Shorts,09 BLACK,$19.90,Spring/Summer
476946,"Denim Half Shorts | 10""",Female,Bottoms,Shorts,65 BLUE,$19.90,Spring/Summer
476946,"Denim Half Shorts | 10""",Female,Bottoms,Shorts,78 PURPLE,$19.90,Spring/Summer
479322,Wide Straight Jeans,Male,Bottoms,Jeans,08 DARK GRAY,$49.90,Fall/Winter
479322,Wide Straight Jeans,Male,Bottoms,Jeans,02 LIGTH GRAY,$49.90,Fall/Winter
479322,Wide Straight Jeans,Male,Bottoms,Jeans,63 BLUE,$49.90,Fall/Winter
479322,Wide Straight Jeans,Male,Bottoms,Jeans,64 BLUE,$49.90,Fall/Winter
479322,Wide Straight Jeans,Male,Bottoms,Jeans,66 BLUE,$49.90,Fall/Winter
479322,Wide Straight Jeans,Male,Bottoms,Jeans,68 BLUE,$49.90,Fall/Winter
481255,Relaxed Ankle Jeans,Male,Bottoms,Jeans,66 BLUE,$39.90,Fall/Winter
481255,Relaxed Ankle Jeans,Male,Bottoms,Jeans,62 BLUE,$39.90,Fall/Winter
481255,Relaxed Ankle Jeans,Male,Bottoms,Jeans,09 BLACK,$39.90,Fall/Winter
481255,Relaxed Ankle Jeans,Male,Bottoms,Jeans,06 GRAY,$39.90,Fall/Winter
477660,"Linen Blend Easy Shorts | 5""",Male,Bottoms,Shorts,57 OLIVE,$29.90,Spring/Summer
477660,"Linen Blend Easy Shorts | 5""",Male,Bottoms,Shorts,69 NAVY,$29.90,Spring/Summer
477660,"Linen Blend Easy Shorts | 5""",Male,Bottoms,Shorts,32 BEIGE,$29.90,Spring/Summer
477660,"Linen Blend Easy Shorts | 5""",Male,Bottoms,Shorts,30 NATURAL,$29.90,Spring/Summer
477044,Relaxed Ankle Jeans,Unisex,Bottoms,Jeans,06 GRAY,$39.90,Fall/Winter
477044,Relaxed Ankle Jeans,Unisex,Bottoms,Jeans,09 BLACK,$39.90,Fall/Winter
477044,Relaxed Ankle Jeans,Unisex,Bottoms,Jeans,62 BLUE,$39.90,Fall/Winter
477044,Relaxed Ankle Jeans,Unisex,Bottoms,Jeans,66 BLUE,$39.90,Fall/Winter
477753,"Ultra Stretch Active Shorts | 5""",Unisex,Bottoms,Shorts,09 BLACK,$29.90,Spring/Summer
477753,"Ultra Stretch Active Shorts | 5""",Unisex,Bottoms,Shorts,01 OFF WHITE,$29.90,Spring/Summer
477753,"Ultra Stretch Active Shorts | 5""",Unisex,Bottoms,Shorts,02 LIGHT GRAY,$29.90,Spring/Summer
477753,"Ultra Stretch Active Shorts | 5""",Unisex,Bottoms,Shorts,08 DARK GRAY,$29.90,Spring/Summer
477753,"Ultra Stretch Active Shorts | 5""",Unisex,Bottoms,Shorts,32 BEIGE,$29.90,Spring/Summer
477753,"Ultra Stretch Active Shorts | 5""",Unisex,Bottoms,Shorts,53 GREEN,$29.90,Spring/Summer
477753,"Ultra Stretch Active Shorts | 5""",Unisex,Bottoms,Shorts,67 BLUE,$29.90,Spring/Summer
473760,"Cotton Easy Shorts | 3""",Female,Bottoms,Shorts,30 NATURAL,$29.90,Spring/Summer
473760,"Cotton Easy Shorts | 3""",Female,Bottoms,Shorts,09 BLACK,$29.90,Spring/Summer
473760,"Cotton Easy Shorts | 3""",Female,Bottoms,Shorts,31 BEIGE ,$29.90,Spring/Summer
478719,Satin Camisole Dress,Female,Dress,Maxi Dress,09 BLACK,$49.90,Spring/Summer
478719,Satin Camisole Dress,Female,Dress,Maxi Dress,32 BEIGE,$49.90,Spring/Summer
478719,Satin Camisole Dress,Female,Dress,Maxi Dress,34 BROWN,$49.90,Spring/Summer
478719,Satin Camisole Dress,Female,Dress,Maxi Dress,58 DARK GREEN,$49.90,Spring/Summer
481136,Washable Knit Bra Dress,Female,Dress,Midi Dress,19 WINE,$39.90,Spring/Summer
481136,Washable Knit Bra Dress,Female,Dress,Midi Dress,09 BLACK,$39.90,Spring/Summer
481136,Washable Knit Bra Dress,Female,Dress,Midi Dress,08 DARK GRAY,$39.90,Spring/Summer
481136,Washable Knit Bra Dress,Female,Dress,Midi Dress,34 BROWN,$39.90,Spring/Summer
479367,Pleated Wide Pants | Tall,Male,Bottoms,Pants,06 GRAY,$49.90,Spring/Summer
479367,Pleated Wide Pants | Tall,Male,Bottoms,Pants,09 BLACK,$49.90,Spring/Summer
479367,Pleated Wide Pants | Tall,Male,Bottoms,Pants,32 BEIGE,$49.90,Spring/Summer
479367,Pleated Wide Pants | Tall,Male,Bottoms,Pants,69 NAVY,$49.90,Spring/Summer
477999,Super Non-Iron Slim Shirt | Regular Collar,Male,Tops,Shirt,09 BLACK,$39.90,Spring/Summer
477999,Super Non-Iron Slim Shirt | Regular Collar,Male,Tops,Shirt,00 WHITE,$39.90,Spring/Summer
477999,Super Non-Iron Slim Shirt | Regular Collar,Male,Tops,Shirt,60 LIGHT BLUE,$39.90,Spring/Summer
479854,Wide Sweatpants,Unisex,Bottoms,Sweatpants,05 GRAY,$39.90,Fall/Winter
479854,Wide Sweatpants,Unisex,Bottoms,Sweatpants,03 GRAY,$39.90,Fall/Winter
479854,Wide Sweatpants,Unisex,Bottoms,Sweatpants,09 BLACK,$39.90,Fall/Winter
479854,Wide Sweatpants,Unisex,Bottoms,Sweatpants,19 WINE,$39.90,Fall/Winter
479854,Wide Sweatpants,Unisex,Bottoms,Sweatpants,34 BROWN,$39.90,Fall/Winter
479854,Wide Sweatpants,Unisex,Bottoms,Sweatpants,58 DARK GREEN,$39.90,Fall/Winter
479854,Wide Sweatpants,Unisex,Bottoms,Sweatpants,69 NAVY,$39.90,Fall/Winter
475647,Premium Linen Shirt,Female,Tops,Shirt,00 WHITE,$39.90,Spring/Summer
475647,Premium Linen Shirt,Female,Tops,Shirt,10 PINK,$39.90,Spring/Summer
475647,Premium Linen Shirt,Female,Tops,Shirt,15 RED,$39.90,Spring/Summer
475647,Premium Linen Shirt,Female,Tops,Shirt,25 ORANGE,$39.90,Spring/Summer
475647,Premium Linen Shirt,Female,Tops,Shirt,30 NATURAL,$39.90,Spring/Summer
475647,Premium Linen Shirt,Female,Tops,Shirt,41 YELLOW,$39.90,Spring/Summer
475647,Premium Linen Shirt,Female,Tops,Shirt,53 GREEN,$39.90,Spring/Summer
475647,Premium Linen Shirt,Female,Tops,Shirt,55 GREEN,$39.90,Spring/Summer
475647,Premium Linen Shirt,Female,Tops,Shirt,57 OLIVE,$39.90,Spring/Summer
475647,Premium Linen Shirt,Female,Tops,Shirt,60 LIGHT BLUE,$39.90,Spring/Summer
475647,Premium Linen Shirt,Female,Tops,Shirt,65 BLUE,$39.90,Spring/Summer
475647,Premium Linen Shirt,Female,Tops,Shirt,69 NAVY,$39.90,Spring/Summer
475370,AIRism Cotton Full Open Polo Shirt,Male,Tops,Shirt,06 GRAY,$29.90,Spring/Summer
475370,AIRism Cotton Full Open Polo Shirt,Male,Tops,Shirt,09 BLACK,$29.90,Spring/Summer
475370,AIRism Cotton Full Open Polo Shirt,Male,Tops,Shirt,00 WHITE,$29.90,Spring/Summer
475370,AIRism Cotton Full Open Polo Shirt,Male,Tops,Shirt,02 LIGHT GRAY,$29.90,Spring/Summer
475370,AIRism Cotton Full Open Polo Shirt,Male,Tops,Shirt,60 LIGHT BLUE,$29.90,Spring/Summer
475370,AIRism Cotton Full Open Polo Shirt,Male,Tops,Shirt,62 BLUE,$29.90,Spring/Summer
474076,Ultra Stretch Mini Dress,Female,Dress,Mini Dress,69 NAVY ,$19.90,Spring/Summer
474076,Ultra Stretch Mini Dress,Female,Dress,Mini Dress,09 BLACK,$19.90,Spring/Summer
474076,Ultra Stretch Mini Dress,Female,Dress,Mini Dress,01 OFF WHITE,$19.90,Spring/Summer
474076,Ultra Stretch Mini Dress,Female,Dress,Mini Dress,14 RED,$19.90,Spring/Summer
474076,Ultra Stretch Mini Dress,Female,Dress,Mini Dress,41 YELLOW,$19.90,Spring/Summer
474056,Linen Blend Camisole Dress,Female,Dress,Midi Dress,24 ORANGE,$29.90,Spring/Summer
474056,Linen Blend Camisole Dress,Female,Dress,Midi Dress,09 BLACK,$29.90,Spring/Summer
474056,Linen Blend Camisole Dress,Female,Dress,Midi Dress,61 BLUE,$29.90,Spring/Summer
476550,AIRism Soft Mini Bra Dress,Female,Dress,Mini Dress,38 DARK BROWN,$19.90,Spring/Summer
476550,AIRism Soft Mini Bra Dress,Female,Dress,Mini Dress,09 BLACK,$19.90,Spring/Summer
476550,AIRism Soft Mini Bra Dress,Female,Dress,Mini Dress,00 WHITE,$19.90,Spring/Summer
476550,AIRism Soft Mini Bra Dress,Female,Dress,Mini Dress,61 BLUE,$19.90,Spring/Summer
474062,AIRism Cotton T Dress,Female,Dress,Maxi Dress,30 NATURAL,$29.90,Spring/Summer
474062,AIRism Cotton T Dress,Female,Dress,Maxi Dress,09 BLACK,$29.90,Spring/Summer
474062,AIRism Cotton T Dress,Female,Dress,Maxi Dress,12 PINK,$29.90,Spring/Summer
474062,AIRism Cotton T Dress,Female,Dress,Maxi Dress,21 LIGHT ORANGE,$29.90,Spring/Summer
474062,AIRism Cotton T Dress,Female,Dress,Maxi Dress,56 OLIVE,$29.90,Spring/Summer
474062,AIRism Cotton T Dress,Female,Dress,Maxi Dress,69 NAVY,$29.90,Spring/Summer
478732,Crepe Jersey Mini Polo Dress,Female,Dress,Mini Dress,39 DARK BROWN,$39.90,Spring/Summer
478732,Crepe Jersey Mini Polo Dress,Female,Dress,Mini Dress,09 BLACK,$39.90,Spring/Summer
478732,Crepe Jersey Mini Polo Dress,Female,Dress,Mini Dress,17 RED,$39.90,Spring/Summer
478732,Crepe Jersey Mini Polo Dress,Female,Dress,Mini Dress,55 GREEN,$39.90,Spring/Summer
474079,Crepe Jersey Bra Camisole Dress,Female,Dress,Midi Dress,14 RED,$29.90,Spring/Summer
474079,Crepe Jersey Bra Camisole Dress,Female,Dress,Midi Dress,09 BLACK,$29.90,Spring/Summer
474079,Crepe Jersey Bra Camisole Dress,Female,Dress,Midi Dress,01 OFF WHITE,$29.90,Spring/Summer
474079,Crepe Jersey Bra Camisole Dress,Female,Dress,Midi Dress,55 GREEN,$29.90,Spring/Summer
479091,Cotton Gathered Dress | Printed,Female,Dress,Maxi Dress,01 OFF WHITE,$49.90,Spring/Summer
479091,Cotton Gathered Dress | Printed,Female,Dress,Maxi Dress,69 NAVY,$49.90,Spring/Summer
475016,AirSense Blazer | Wool-Like,Male,Outerwear,Blazer,08 DARK GRAY,$79.90,Spring/Summer
475016,AirSense Blazer | Wool-Like,Male,Outerwear,Blazer,05 DARK GRAY,$79.90,Spring/Summer
475016,AirSense Blazer | Wool-Like,Male,Outerwear,Blazer,09 BLACK,$79.90,Spring/Summer
475016,AirSense Blazer | Wool-Like,Male,Outerwear,Blazer,69 NAVY,$79.90,Spring/Summer
477733,Utility Short Blouson Jacket,Male,Outerwear,Jacket,09 BLACK,$49.90,Fall/Winter
477733,Utility Short Blouson Jacket,Male,Outerwear,Jacket,57 OLIVE,$49.90,Fall/Winter
477733,Utility Short Blouson Jacket,Male,Outerwear,Jacket,34 BROWN,$49.90,Fall/Winter
470067,Ultra Light Down Jacket,Male,Outerwear,Jacket,57 OLIVE,$79.90,Fall/Winter
470067,Ultra Light Down Jacket,Male,Outerwear,Jacket,09 BLACK,$79.90,Fall/Winter
470067,Ultra Light Down Jacket,Male,Outerwear,Jacket,69 NAVY,$79.90,Fall/Winter
475681,Zip-Up Blouson Jacket,Unisex,Outerwear,Jacket,32 BEIGE,$59.90,Fall/Winter
475681,Zip-Up Blouson Jacket,Unisex,Outerwear,Jacket,08 DARK GRAY,$59.90,Fall/Winter
475681,Zip-Up Blouson Jacket,Unisex,Outerwear,Jacket,76 PURPLE,$59.90,Fall/Winter
478572,Ultra Light Down Jacket,Female,Outerwear,Jacket,12 PINK,$79.90,Fall/Winter
478572,Ultra Light Down Jacket,Female,Outerwear,Jacket,01 OFF WHITE,$79.90,Fall/Winter
478572,Ultra Light Down Jacket,Female,Outerwear,Jacket,04 GRAY,$79.90,Fall/Winter
478572,Ultra Light Down Jacket,Female,Outerwear,Jacket,09 BLACK,$79.90,Fall/Winter
478572,Ultra Light Down Jacket,Female,Outerwear,Jacket,32 BEIGE,$79.90,Fall/Winter
478572,Ultra Light Down Jacket,Female,Outerwear,Jacket,59 DARK GREEN,$79.90,Fall/Winter
479208,Zip-Up Short Jacket,Female,Outerwear,Jacket,56 OLIVE,$59.90,Fall/Winter
479208,Zip-Up Short Jacket,Female,Outerwear,Jacket,09 BLACK,$59.90,Fall/Winter
479208,Zip-Up Short Jacket,Female,Outerwear,Jacket,30 NATURAL,$59.90,Fall/Winter
479208,Zip-Up Short Jacket,Female,Outerwear,Jacket,32 BEIGE,$59.90,Fall/Winter
479208,Zip-Up Short Jacket,Female,Outerwear,Jacket,69 NAVY,$59.90,Fall/Winter
478279,Seamless Down Parka,Male,Outerwear,Jacket,09 BLACK,$179.90,Fall/Winter
478279,Seamless Down Parka,Male,Outerwear,Jacket,08 DARK GRAY,$179.90,Fall/Winter
478279,Seamless Down Parka,Male,Outerwear,Jacket,37 BROWN,$179.90,Fall/Winter
478279,Seamless Down Parka,Male,Outerwear,Jacket,69 NAVY,$179.90,Fall/Winter
478568,PUFFTECH Compact Jacket,Female,Outerwear,Jacket,70 LIGHT PURPLE,$69.90,Fall/Winter
478568,PUFFTECH Compact Jacket,Female,Outerwear,Jacket,01 OFF WHITE,$69.90,Fall/Winter
478568,PUFFTECH Compact Jacket,Female,Outerwear,Jacket,09 BLACK,$69.90,Fall/Winter
478568,PUFFTECH Compact Jacket,Female,Outerwear,Jacket,19 WINE,$69.90,Fall/Winter
478568,PUFFTECH Compact Jacket,Female,Outerwear,Jacket,32 BEIGE,$69.90,Fall/Winter
478568,PUFFTECH Compact Jacket,Female,Outerwear,Jacket,56 OLIVE,$69.90,Fall/Winter
474964,AIRism Soft Jacket,Female,Outerwear,Jacket,00 WHITE,$39.90,Spring/Summer
474964,AIRism Soft Jacket,Female,Outerwear,Jacket,09 BLACK,$39.90,Spring/Summer
474964,AIRism Soft Jacket,Female,Outerwear,Jacket,69 NAVY,$39.90,Spring/Summer
479751,PUFFTECH Jacket,Female,Outerwear,Jacket,73 PURPLE,$79.90,Fall/Winter
479751,PUFFTECH Jacket,Female,Outerwear,Jacket,59 DARK GREEN,$79.90,Fall/Winter
479751,PUFFTECH Jacket,Female,Outerwear,Jacket,39 DARK BROWN,$79.90,Fall/Winter
479751,PUFFTECH Jacket,Female,Outerwear,Jacket,11 PINK,$79.90,Fall/Winter
479751,PUFFTECH Jacket,Female,Outerwear,Jacket,09 BLACK,$79.90,Fall/Winter
479751,PUFFTECH Jacket,Female,Outerwear,Jacket,04 GRAY,$79.90,Fall/Winter
479751,PUFFTECH Jacket,Female,Outerwear,Jacket,01 OFF WHITE,$79.90,Fall/Winter
479803,Sweatpants,Male,Bottoms,Sweatpants,09 BLACK,$39.90,Fall/Winter
479803,Sweatpants,Male,Bottoms,Sweatpants,05 GRAY,$39.90,Fall/Winter
479803,Sweatpants,Male,Bottoms,Sweatpants,08 DARK GRAY,$39.90,Fall/Winter
479803,Sweatpants,Male,Bottoms,Sweatpants,38 DARK BROWN,$39.90,Fall/Winter
479803,Sweatpants,Male,Bottoms,Sweatpants,69 NAVY,$39.90,Fall/Winter
474483,AIRism Soft Biker Shorts,Female,Bottoms,Shorts,38 DARK BROWN,$19.90,Spring/Summer
474483,AIRism Soft Biker Shorts,Female,Bottoms,Shorts,36 BROWN,$19.90,Spring/Summer
474483,AIRism Soft Biker Shorts,Female,Bottoms,Shorts,09 BLACK,$19.90,Spring/Summer
474483,AIRism Soft Biker Shorts,Female,Bottoms,Shorts,37 BROWN,$19.90,Spring/Summer
474483,AIRism Soft Biker Shorts,Female,Bottoms,Shorts,38 DARK BROWN,$19.90,Spring/Summer
474483,AIRism Soft Biker Shorts,Female,Bottoms,Shorts,54 GREEN,$19.90,Spring/Summer
474483,AIRism Soft Biker Shorts,Female,Bottoms,Shorts,61 BLUE,$19.90,Spring/Summer
474483,AIRism Soft Biker Shorts,Female,Bottoms,Shorts,69 NAVY,$19.90,Spring/Summer
474483,AIRism Soft Biker Shorts,Female,Bottoms,Shorts,71 PURPLE,$19.90,Spring/Summer
477282,Ultra Stretch Active Skort,Female,Bottoms,Skirts,09 BLACK,$14.90,Spring/Summer
477282,Ultra Stretch Active Skort,Female,Bottoms,Skirts,00 WHITE,$14.90,Spring/Summer
477282,Ultra Stretch Active Skort,Female,Bottoms,Skirts,61 BLUE,$14.90,Spring/Summer
477282,Ultra Stretch Active Skort,Female,Bottoms,Skirts,69 NAVY,$14.90,Spring/Summer
474479,Ultra Stretch Active Jogger Pants,Female,Bottoms,Sweatpants,32 BEIGE,$39.90,Fall/Winter
474479,Ultra Stretch Active Jogger Pants,Female,Bottoms,Sweatpants,07 GRAY,$39.90,Fall/Winter
474479,Ultra Stretch Active Jogger Pants,Female,Bottoms,Sweatpants,09 BLACK,$39.90,Fall/Winter
474479,Ultra Stretch Active Jogger Pants,Female,Bottoms,Sweatpants,69 NAVY,$39.90,Fall/Winter
479689,AIRism Soft Leggings,Female,Bottoms,Leggings,38 DARK BROWN,$39.90,Fall/Winter
479689,AIRism Soft Leggings,Female,Bottoms,Leggings,09 BLACK,$39.90,Fall/Winter
479689,AIRism Soft Leggings,Female,Bottoms,Leggings,36 BROWN,$39.90,Fall/Winter
479689,AIRism Soft Leggings,Female,Bottoms,Leggings,54 GREEN,$39.90,Fall/Winter
479689,AIRism Soft Leggings,Female,Bottoms,Leggings,69 NAVY,$39.90,Fall/Winter
479689,AIRism Soft Leggings,Female,Bottoms,Leggings,71 PURPLE,$39.90,Fall/Winter
480809,AIRism Soft Flare Leggings,Female,Bottoms,Leggings,69 NAVY,$39.90,Fall/Winter
480809,AIRism Soft Flare Leggings,Female,Bottoms,Leggings,09 BLACK,$39.90,Fall/Winter
480809,AIRism Soft Flare Leggings,Female,Bottoms,Leggings,38 DARK BROWN,$39.90,Fall/Winter
480809,AIRism Soft Flare Leggings,Female,Bottoms,Leggings,59 DARK GREEN,$39.90,Fall/Winter
479617,HEATTECH Pile Lined Sweatpants,Female,Bottoms,Sweatpants,01 OFF WHITE,$49.90,Fall/Winter
479617,HEATTECH Pile Lined Sweatpants,Female,Bottoms,Sweatpants,03 GRAY,$49.90,Fall/Winter
479617,HEATTECH Pile Lined Sweatpants,Female,Bottoms,Sweatpants,09 BLACK,$49.90,Fall/Winter
479617,HEATTECH Pile Lined Sweatpants,Female,Bottoms,Sweatpants,58 DARK GREEN,$49.90,Fall/Winter
479617,HEATTECH Pile Lined Sweatpants,Female,Bottoms,Sweatpants,69 NAVY,$49.90,Fall/Winter
478553,Pocketable UV Protection Parka,Female,Outerwear,Jacket,15 RED,$49.90,Fall/Winter
478553,Pocketable UV Protection Parka,Female,Outerwear,Jacket,09 BLACK,$49.90,Fall/Winter
478553,Pocketable UV Protection Parka,Female,Outerwear,Jacket,01 OFF WHITE,$49.90,Fall/Winter
478553,Pocketable UV Protection Parka,Female,Outerwear,Jacket,02 LIGHT GRAY,$49.90,Fall/Winter
478553,Pocketable UV Protection Parka,Female,Outerwear,Jacket,12 PINK,$49.90,Fall/Winter
478553,Pocketable UV Protection Parka,Female,Outerwear,Jacket,59 DARK GREEN,$49.90,Fall/Winter
479972,Flannel Checked Shorts,Female,Bottoms,Shorts,10 PINK,$24.90,Spring/Summer
479972,Flannel Checked Shorts,Female,Bottoms,Shorts,55 GREEN,$24.90,Spring/Summer
479972,Flannel Checked Shorts,Female,Bottoms,Shorts,63 BLUE,$24.90,Spring/Summer
479972,Flannel Checked Shorts,Female,Bottoms,Shorts,68 BLUE,$24.90,Spring/Summer
473701,Linen Blend Skort,Female,Bottoms,Skirts,01 OFF WHITE,$14.90,Spring/Summer
473701,Linen Blend Skort,Female,Bottoms,Skirts,09 BLACK,$14.90,Spring/Summer
473701,Linen Blend Skort,Female,Bottoms,Skirts,12 PINK,$14.90,Spring/Summer
473701,Linen Blend Skort,Female,Bottoms,Skirts,38 DARK BROWN,$14.90,Spring/Summer
473701,Linen Blend Skort,Female,Bottoms,Skirts,56 OLIVE,$14.90,Spring/Summer
477522,Drapey Denim Skort,Female,Bottoms,Skirts,30 NATURAL,$19.90,Spring/Summer
477522,Drapey Denim Skort,Female,Bottoms,Skirts,62 BLUE,$19.90,Spring/Summer
477522,Drapey Denim Skort,Female,Bottoms,Skirts,65 BLUE,$19.90,Spring/Summer
481040,Oversized Sweatshirt,Unisex,Tops,Sweatshirts,05 GRAY,$39.90,Fall/Winter
481040,Oversized Sweatshirt,Unisex,Tops,Sweatshirts,03 GRAY,$39.90,Fall/Winter
481040,Oversized Sweatshirt,Unisex,Tops,Sweatshirts,09 BLACK,$39.90,Fall/Winter
481040,Oversized Sweatshirt,Unisex,Tops,Sweatshirts,34 BROWN,$39.90,Fall/Winter
481040,Oversized Sweatshirt,Unisex,Tops,Sweatshirts,58 DARK GREEN,$39.90,Fall/Winter
481040,Oversized Sweatshirt,Unisex,Tops,Sweatshirts,69 NAVY,$39.90,Fall/Winter
475384,Ultra Stretch Active Jogger Pants,Male,Bottoms,Sweatpants,02 LIGHT GRAY,$39.90,Fall/Winter
475384,Ultra Stretch Active Jogger Pants,Male,Bottoms,Sweatpants,08 DAKR GRAY,$39.90,Fall/Winter
475384,Ultra Stretch Active Jogger Pants,Male,Bottoms,Sweatpants,09 BLACK,$39.90,Fall/Winter
475384,Ultra Stretch Active Jogger Pants,Male,Bottoms,Sweatpants,32 BEIGE,$39.90,Fall/Winter
475384,Ultra Stretch Active Jogger Pants,Male,Bottoms,Sweatpants,68 BLUE,$39.90,Fall/Winter
476081,Stretch Easy Shorts,Unisex,Bottoms,Shorts,08 DARK GRAY,$29.90,Spring/Summer
476081,Stretch Easy Shorts,Unisex,Bottoms,Shorts,09 BLACK,$29.90,Spring/Summer
476081,Stretch Easy Shorts,Unisex,Bottoms,Shorts,18 WINE,$29.90,Spring/Summer
476081,Stretch Easy Shorts,Unisex,Bottoms,Shorts,31 BEIGE,$29.90,Spring/Summer
476081,Stretch Easy Shorts,Unisex,Bottoms,Shorts,56 OLIVE,$29.90,Spring/Summer
476081,Stretch Easy Shorts,Unisex,Bottoms,Shorts,62 BLUE,$29.90,Spring/Summer
481156,3D Knit Cotton Sweater,Female,Tops,Sweater,31 BEIGE,$39.90,Spring/Summer
481156,3D Knit Cotton Sweater,Female,Tops,Sweater,01 OFF WHITE,$39.90,Spring/Summer
481156,3D Knit Cotton Sweater,Female,Tops,Sweater,55 GREEN,$39.90,Spring/Summer
481156,3D Knit Cotton Sweater,Female,Tops,Sweater,09 BLACK,$39.90,Spring/Summer
479158,Souffle Yarn Mock Neck Sweater,Female,Tops,Sweater,32 BEIGE,$39.90,Fall/Winter
479158,Souffle Yarn Mock Neck Sweater,Female,Tops,Sweater,01 OFF WHITE,$39.90,Fall/Winter
479158,Souffle Yarn Mock Neck Sweater,Female,Tops,Sweater,08 DARK GRAY,$39.90,Fall/Winter
479158,Souffle Yarn Mock Neck Sweater,Female,Tops,Sweater,10 PINK,$39.90,Fall/Winter
479158,Souffle Yarn Mock Neck Sweater,Female,Tops,Sweater,38 DARK BROWN,$39.90,Fall/Winter
479158,Souffle Yarn Mock Neck Sweater,Female,Tops,Sweater,68 BLUE,$39.90,Fall/Winter
481673,Smooth Cotton Sweater,Female,Tops,Sweater,69 NAVY,$49.90,Spring/Summer
481673,Smooth Cotton Sweater,Female,Tops,Sweater,01 OFF WHITE,$49.90,Spring/Summer
481673,Smooth Cotton Sweater,Female,Tops,Sweater,03 GRAY,$49.90,Spring/Summer
481673,Smooth Cotton Sweater,Female,Tops,Sweater,15 RED,$49.90,Spring/Summer
481673,Smooth Cotton Sweater,Female,Tops,Sweater, 38 DARK BROWN,$49.90,Spring/Summer
481673,Smooth Cotton Sweater,Female,Tops,Sweater,54 GREEN,$49.90,Spring/Summer
481673,Smooth Cotton Sweater,Female,Tops,Sweater,61 BLUE,$49.90,Spring/Summer
479157,Souffle Yarn Sweater,Female,Tops,Sweater,01 OFF WHITE,$49.90,Fall/Winter
479157,Souffle Yarn Sweater,Female,Tops,Sweater,02 LIGHT GRAY,$49.90,Fall/Winter
479157,Souffle Yarn Sweater,Female,Tops,Sweater,08 DARK GRAY,$49.90,Fall/Winter
479157,Souffle Yarn Sweater,Female,Tops,Sweater,19 WINE,$49.90,Fall/Winter
479157,Souffle Yarn Sweater,Female,Tops,Sweater,57 OLIVE,$49.90,Fall/Winter
479157,Souffle Yarn Sweater,Female,Tops,Sweater,62 BLUE ,$49.90,Fall/Winter
479157,Souffle Yarn Sweater,Female,Tops,Sweater,68 BLUE,$49.90,Fall/Winter
479157,Souffle Yarn Sweater,Female,Tops,Sweater,72 PURPLE,$49.90,Fall/Winter
478730,Souffle Yarn Dress,Female,Dress,Midi Dress,68 BLUE,$49.90,Fall/Winter
478730,Souffle Yarn Dress,Female,Dress,Midi Dress,58 DARK GREEN,$49.90,Fall/Winter
478730,Souffle Yarn Dress,Female,Dress,Midi Dress,31 BEIGE,$49.90,Fall/Winter
478730,Souffle Yarn Dress,Female,Dress,Midi Dress,08 DARK GRAY,$49.90,Fall/Winter
